,Product Name,Prices,Description,Rating
0,"SAMSUNG Galaxy S23 5G (Phantom Black, 128 GB)","₹49,999",8 GB RAM | 128 GB ROM15.49 cm (6.1 inch) Full HD+ Display50MP + 10MP + 12MP | 12MP Front Camera3900 mAh Lithium Ion BatteryQualcomm Snapdragon 8 Gen 2 Processor1 Year Manufacturer Warranty for Device and 6 Months Manufacturer Warranty for In-Box Accessories,4.6
1,"SAMSUNG Galaxy S23 5G (Lavender, 128 GB)","₹49,999",8 GB RAM | 128 GB ROM15.49 cm (6.1 inch) Full HD+ Display50MP + 10MP + 12MP | 12MP Front Camera3900 mAh Lithium Ion BatteryQualcomm Snapdragon 8 Gen 2 Processor1 Year Manufacturer Warranty for Device and 6 Months Manufacturer Warranty for In-Box Accessories,4.6
2,"SAMSUNG Galaxy S23 5G (Green, 128 GB)","₹49,999",8 GB RAM | 128 GB ROM15.49 cm (6.1 inch) Full HD+ Display50MP + 10MP + 12MP | 12MP Front Camera3900 mAh Lithium Ion BatteryQualcomm Snapdragon 8 Gen 2 Processor1 Year Manufacturer Warranty for Device and 6 Months Manufacturer Warranty for In-Box Accessories,4.6
3,"SAMSUNG Galaxy S23 FE (Purple, 128 GB)","₹39,999",8 GB RAM | 128 GB ROM16.26 cm (6.4 inch) Full HD+ Display50MP + 12MP | 10MP Front Camera4500 mAh BatterySamsung Exynos 2200 Processor1 Year Manufacturer Warranty for Device and 6 Months for In-Box Accessories,4.2
4,"OnePlus 11R 5G (Sonic Black, 256 GB)","₹35,739",16 GB RAM | 256 GB ROM17.02 cm (6.7 inch) Display50MP Rear Camera5000 mAh BatteryDomestic warranty of 12 months on phone & 6 months on accessries,4.5
5,"SAMSUNG Galaxy S23 FE (Graphite, 256 GB)","₹44,999",8 GB RAM | 256 GB ROM16.26 cm (6.4 inch) Full HD+ Display50MP + 12MP | 10MP Front Camera4500 mAh BatterySamsung Exynos 2200 Processor1 Year Manufacturer Warranty for Device and 6 Months for In-Box Accessories,4.2
6,"SAMSUNG Galaxy S23 5G (Cream, 128 GB)","₹49,999",8 GB RAM | 128 GB ROM15.49 cm (6.1 inch) Full HD+ Display50MP + 10MP + 12MP | 12MP Front Camera3900 mAh Lithium Ion BatteryQualcomm Snapdragon 8 Gen 2 Processor1 Year Manufacturer Warranty for Device and 6 Months Manufacturer Warranty for In-Box Accessories,4.6
7,"OnePlus 12R (Cool Blue, 256 GB)","₹42,677",16 GB RAM | 256 GB ROM17.22 cm (6.78 inch) Display50MP Rear Camera5500 mAh Battery1 Year Brand Warranty,4.5
8,"Nothing Phone (2) (White, 512 GB)","₹49,999",12 GB RAM | 512 GB ROM17.02 cm (6.7 inch) Full HD+ Display50 MP(OIS) +50MP | 32MP Front Camera4700 mAh Lithium ion BatteryQualcomm Snapdragon 8+ Gen 1 ProcessorLTPO AMOLED (1 Hz - 120 Hz)1 Year Manufacturing Warranty,4.4
9,"vivo V30 Pro 5G (Andaman Blue, 512 GB)","₹46,999",12 GB RAM | 512 GB ROM17.22 cm (6.78 inch) Full HD+ Display50MP + 50MP + 50MP | 50MP Front Camera5000 mAh BatteryDimensity 8200 5G Processor1 Year Manufacturer Warranty for Device and 6 Months Manufacturer Warranty for Inbox Accessories,4.5
10,"vivo V30 Pro 5G (Classic Black, 512 GB)","₹46,999",12 GB RAM | 512 GB ROM17.22 cm (6.78 inch) Full HD+ Display50MP + 50MP + 50MP | 50MP Front Camera5000 mAh BatteryDimensity 8200 5G Processor1 Year Manufacturer Warranty for Device and 6 Months Manufacturer Warranty for Inbox Accessories,4.5
11,"Google Pixel 7 (Obsidian, 128 GB)","₹49,999",8 GB RAM | 128 GB ROM16.0 cm (6.3 inch) Full HD+ Display50MP + 12MP | 10.8MP Front Camera4270 mAh BatteryGoogle Tensor G2 Processor1 Year Domestic Warranty,4.3
12,"Google Pixel 7 (Lemongrass, 128 GB)","₹49,999",8 GB RAM | 128 GB ROM16.0 cm (6.3 inch) Full HD+ Display50MP + 12MP | 10.8MP Front Camera4270 mAh BatteryGoogle Tensor G2 Processor1 Year Domestic Warranty,4.3
13,"Google Pixel 7 (Snow, 128 GB)","₹49,999",8 GB RAM | 128 GB ROM16.0 cm (6.3 inch) Full HD+ Display50MP + 12MP | 10.8MP Front Camera4270 mAh BatteryGoogle Tensor G2 ProcessorNA,4.3
14,"SAMSUNG Galaxy A54 5G (Awesome Lime, 256 GB)","₹37,499","8 GB RAM | 256 GB ROM | Expandable Upto 1 TB16.26 cm (6.4 inch) Full HD+ Display50MP + 12MP + 5MP | 32MP Front Camera5000 mAh BatteryExynos 1380, Octa Core Processor1 Year Manufacturer Warranty for Device and 6 Months Manufacturer Warranty for In-Box Accessories",4.3
15,"Apple iPhone 6 Plus (Silver, 64 GB)","₹48,999",64 GB ROM13.97 cm (5.5 inch) Retina HD Display8MP Rear Camera | 1.2MP Front CameraA8 Chip with 64-bit Architecture and M8 Motion Co-processor1 Year Manufacturer Warranty,4.5
16,"Apple iPhone 11 (White, 64 GB) (Includes EarPods, Power Adapter)","₹49,900",64 GB ROM15.49 cm (6.1 inch) Liquid Retina HD Display12MP + 12MP | 12MP Front CameraA13 Bionic Chip ProcessorBrand Warranty for 1 Year,4.6
17,"OPPO Reno10 Pro+ 5G (Silvery Grey, 256 GB)","₹54,999",12 GB RAM | 256 GB ROM17.12 cm (6.74 inch) Full HD+ Display50MP + 64MP + 8MP | 32MP Front Camera4700 mAh BatterySnapdragon 8+ Gen 1 Processor1 Year Manufacturer Warranty for Phone and 6 Months Warranty for In the Box Accessories,4.5
18,"SAMSUNG Galaxy A55 5G (Awesome Navy, 256 GB)","₹45,999",8 GB RAM | 256 GB ROM | Expandable Upto 1 TB16.76 cm (6.6 inch) Full HD+ Display50MP + 12MP + 5MP | 32MP Front Camera5000 mAh BatterySamsung Exynos 1480 Processor1 Year Manufacturer Warranty for Device and 6 Months for In-Box Accessories,4.6
19,"Apple iPhone 11 (Purple, 128 GB)","₹48,900",128 GB ROM15.49 cm (6.1 inch) Liquid Retina HD Display12MP + 12MP | 12MP Front CameraA13 Bionic Chip ProcessorBrand Warranty of 1 Year,4.6
20,"OnePlus 10 Pro 5G (Emerald Forest, 128 GB)","₹39,999",8 GB RAM | 128 GB ROM17.02 cm (6.7 inch) Display48MP Rear Camera5000 mAh Battery1 year manufacturer warranty for device and 6 months manufacturer warranty for in-box accessories including batteries from the date of purchase,4.2
21,"OnePlus 11 5G (Titan Black, 128 GB)","₹47,500",8 GB RAM | 128 GB ROM17.02 cm (6.7 inch) Display50MP Rear Camera5000 mAh Batterydomestic warranty of 12 months on phone & 6 months on accessories,4.4
22,"SAMSUNG Galaxy A55 5G (Awesome Iceblue, 256 GB)","₹48,999",12 GB RAM | 256 GB ROM | Expandable Upto 1 TB16.76 cm (6.6 inch) Full HD+ Display50MP + 12MP + 5MP | 32MP Front Camera5000 mAh BatterySamsung Exynos 1480 Processor1 Year Manufacturer Warranty for Device and 6 Months for In-Box Accessories,4.2
23,"Mi 10T Pro (Cosmic Black, 128 GB)","₹47,999",8 GB RAM | 128 GB ROM16.94 cm (6.67 inch) Full HD+ Display108MP + 13MP + 5MP | 20MP Front Camera5000 mAh Li-ion Polymer BatteryQualcomm Snapdragon 865 Processor144Hz Intelligent AdaptiveSync Display33W Dual Split Flash Charge1 Year Manufacturer Warranty for Device and 6 Months Manufacturer Warranty for In-box Accessories,4.2
24,"Apple iPhone XR (White, 64 GB) (Includes EarPods, Power Adapter)","₹47,900",64 GB ROM15.49 cm (6.1 inch) Display12MP Rear Camera | 7MP Front CameraA12 Bionic Chip ProcessoriOS 13 CompatibleBrand Warranty of 1 Year,4.6
25,"OnePlus 10 Pro 5G (Emerald Forest, 256 GB)","₹47,999",12 GB RAM | 256 GB ROM17.02 cm (6.7 inch) Display48MP Rear Camera | 32MP Front Camera5000 mAh Battery12 months,4
26,"Apple iPhone 11 (White, 128 GB)","₹48,900",128 GB ROM15.49 cm (6.1 inch) Liquid Retina HD Display12MP + 12MP | 12MP Front CameraA13 Bionic Chip ProcessorBrand Warranty of 1 Year,4.6
27,"Apple iPhone 11 (Black, 128 GB)","₹48,900",128 GB ROM15.49 cm (6.1 inch) Liquid Retina HD Display12MP + 12MP | 12MP Front CameraA13 Bionic Chip ProcessorBrand Warranty of 1 Year,4.6
28,"OnePlus 11 5G (Eternal Green, 128 GB)","₹43,999",8 GB RAM | 128 GB ROM17.02 cm (6.7 inch) Display50MP Rear Camera | 16MP Front Camera5000 mAh Batterydomestic warranty of 12 months on phone & 6 months on accessories,4.4
29,"OnePlus 11 5G (Eternal Green, 128 GB)","₹45,990",8 GB RAM | 128 GB ROM17.02 cm (6.7 inch) Display50MP Rear Camera5000 mAh Batterydomestic warranty of 12 months on phone & 6 months on accessories,4.4
30,"OnePlus 11 5G (Titan Black, 128 GB)","₹43,970",8 GB RAM | 128 GB ROM17.02 cm (6.7 inch) Display50MP Rear Camera | 16MP Front Camera5000 mAh Batterydomestic warranty of 12 months on phone & 6 months on accessories,4.4
31,"Xiaomi 11T Pro 5G Hyperphone (Celestial Magic, 256 GB)","₹49,990",12 GB RAM | 256 GB ROM16.94 cm (6.67 inch) Display108MP Rear Camera5000 mAh Battery12 months,4.1
32,"SAMSUNG Galaxy A55 5G (Awesome Navy, 256 GB)","₹48,999",12 GB RAM | 256 GB ROM | Expandable Upto 1 TB16.76 cm (6.6 inch) Full HD+ Display50MP + 12MP + 5MP | 32MP Front Camera5000 mAh BatterySamsung Exynos 1480 Processor1 Year Manufacturer Warranty for Device and 6 Months for In-Box Accessories,4.2
33,"OnePlus 9 Pro 5G (Pine Green, 256 GB)","₹46,990",12 GB RAM | 256 GB ROM17.02 cm (6.7 inch) Display48MP Rear Camera4500 mAh Battery1 Year Manufacturer Warranty for Handset and 6 Months Warranty for In the Box Accessories,3.9
34,"realme X50 Pro (Moss Green, 256 GB)","₹47,999",12 GB RAM | 256 GB ROM16.36 cm (6.44 inch) Full HD+ Display64MP + 12MP + 8MP + 2MP | 32MP + 8MP Dual Front Camera4200 mAh Battery5G PhoneQualcomm Snapdragon 865 Processor65W Superdart ChargeBrand Warranty of 1 Year Available for Mobile and 6 Months for Accessories,4.4
35,"OnePlus 9 Pro 5G (Stellar Black, 256 GB)","₹46,990",12 GB RAM | 256 GB ROM17.02 cm (6.7 inch) Display48MP Rear Camera4500 mAh Battery1 Year Warranty,3.9
36,"OnePlus 9 Pro 5G (Morning Mist, 256 GB)","₹46,990",12 GB RAM | 256 GB ROM17.02 cm (6.7 inch) Display48MP Rear Camera4500 mAh Battery1 Year,3.9
37,"Apple iPhone 8 Plus (Gold, 64 GB)","₹49,900","64 GB ROM13.97 cm (5.5 inch) Retina HD Display12MP + 12MP | 7MP Front CameraA11 Bionic Chip with 64-bit Architecture, Neural Engine, Embedded M11 Motion Coprocessor ProcessorBrand Warranty of 1 Year",4.6
38,"SAMSUNG Galaxy S7 (Gold Platinum, 32 GB)","₹46,000",4 GB RAM | 32 GB ROM | Expandable Upto 200 GB12.95 cm (5.1 inch) Quad HD Display12MP Rear Camera | 5MP Front Camera3000 mAh Li-Ion BatteryExynos 8890 Octa Core 2.3GHz ProcessorBrand Warranty of 1 Year Available for Mobile and 6 Months for Accessories,4.4
39,"OPPO Reno7 Pro 5G (Starlight Black, 256 GB)","₹47,990",12 GB RAM | 256 GB ROM16.51 cm (6.5 inch) Full HD+ AMOLED Display50MP + 8MP + 2MP | 32MP Front Camera4500 mAh Lithium-ion Polymer BatteryMediaTek Dimensity 1200-Max Processor65W SuperVOOC | OPPO Sony IMX766 Flagship Rear Camera SensorAircraft-Grade Shooting Star Design | OPPO Glow1 Year Warranty for Phone and 6 Months Warranty for In-Box Accessories,4.3
40,"OPPO Reno7 Pro 5G (Startrails Blue, 256 GB)","₹47,990",12 GB RAM | 256 GB ROM | Expandable Upto 7 GB16.51 cm (6.5 inch) Full HD+ AMOLED Display50MP + 8MP + 2MP | 32MP Front Camera4500 mAh Lithium-ion Polymer BatteryMediaTek Dimensity 1200-Max Processor65W SuperVOOC | OPPO Sony IMX766 Flagship Rear Camera SensorAircraft-Grade Shooting Star Design | OPPO Glow1 Year Warranty for Phone and 6 Months Warranty for In-Box Accessories,4.3
41,"realme X50 Pro 5G (Rust Red, 256 GB)","₹47,999",12 GB RAM | 256 GB ROM16.36 cm (6.44 inch) Full HD+ Display64MP + 12MP + 8MP + 2MP | 32MP + 8MP Dual Front Camera4200 mAh Battery5G PhoneQualcomm Snapdragon 865 Processor65W Superdart ChargeBrand Warranty of 1 Year Available for Mobile and 6 Months for Accessories,4.4
42,"OnePlus 9 Pro 5G (Pine Green, 256 GB)","₹46,990",12 GB RAM | 256 GB ROM17.02 cm (6.7 inch) Display48MP Rear Camera4500 mAh Battery1 Year,3.9
43,"OPPO Reno6 Pro 5G (Aurora, 256 GB)","₹46,990",12 GB RAM | 256 GB ROM16.64 cm (6.55 inch) Full HD+ Display64MP + 8MP + 2MP + 2MP | 32MP Front Camera4500 mAh Lithium-ion Polymer BatteryMediaTek Dimensity 1200 Processor65W SuperVOOC 2.0 Charging3D Borderless ScreenBokeh Flare Portrait Video | AI Highlight Video | OPPO Reno Glow 2.0Brand Warranty of 1 Year Available for Mobile Including Battery and 6 Months for Accessories,4.4
44,"OPPO Reno6 Pro 5G (Majestic Gold, 256 GB)","₹45,990",12 GB RAM | 256 GB ROM16.64 cm (6.55 inch) Full HD+ Display64MP + 8MP + 2MP + 2MP | 32MP Front Camera4500 mAh Lithium-ion Polymer BatteryMediaTek Dimensity 1200 Processor65W SuperVOOC 2.0 Charging3D Borderless ScreenBokeh Flare Portrait Video | AI Highlight Video | OPPO Reno Glow 2.0Brand Warranty of 1 Year Available for Mobile Including Battery and 6 Months for Accessories,4.4
45,"Apple iPhone 8 Plus (Silver, 64 GB)","₹49,900","64 GB ROM13.97 cm (5.5 inch) Retina HD Display12MP + 12MP | 7MP Front CameraA11 Bionic Chip with 64-bit Architecture, Neural Engine, Embedded M11 Motion Coprocessor ProcessorBrand Warranty of 1 Year",4.6
46,"Apple iPhone 8 Plus (Space Grey, 64 GB)","₹49,900","64 GB ROM13.97 cm (5.5 inch) Retina HD Display12MP + 12MP | 7MP Front CameraA11 Bionic Chip with 64-bit Architecture, Neural Engine, Embedded M11 Motion Coprocessor ProcessorBrand Warranty of 1 Year",4.6
47,"OnePlus 9 Pro 5G (Stellar Black, 256 GB)","₹46,990",12 GB RAM | 256 GB ROM17.02 cm (6.7 inch) Display48MP Rear Camera4500 mAh Battery1 Year Warranty,3.9
48,"OnePlus 9 Pro 5G (Stellar Black, 256 GB)","₹46,990",12 GB RAM | 256 GB ROM17.02 cm (6.7 inch) Display48MP Rear Camera4500 mAh Battery1 Year Warranty,3.9
49,"vivo X60 (Midnight Black, 256 GB)","₹46,990",12 GB RAM | 256 GB ROM16.66 cm (6.56 inch) Full HD+ Display48MP + 13MP + 13MP | 32MP Front Camera4300 mAh Lithium-ion BatteryQualcomm Snapdragon 870 ProcessorAMOLED Display1 Year for Handset and 6 Months for In-box Accessories,4.4
50,"SAMSUNG Galaxy S23 FE (Graphite, 128 GB)","₹39,999",8 GB RAM | 128 GB ROM16.26 cm (6.4 inch) Full HD+ Display50MP + 12MP | 10MP Front Camera4500 mAh BatterySamsung Exynos 2200 Processor1 Year Manufacturer Warranty for Device and 6 Months for In-Box Accessories,4.2
51,"SAMSUNG Galaxy S23 FE (Mint, 128 GB)","₹39,999",8 GB RAM | 128 GB ROM16.26 cm (6.4 inch) Full HD+ Display50MP + 12MP | 10MP Front Camera4500 mAh BatterySamsung Exynos 2200 Processor1 Year Manufacturer Warranty for Device and 6 Months for In-Box Accessories,4.2
52,"SAMSUNG Galaxy Z Flip3 5G (Cream, 128 GB)","₹44,999",8 GB RAM | 128 GB ROM17.02 cm (6.7 inch) Full HD+ Display12MP + 12MP | 10MP Front Camera3300 mAh Lithium-ion BatteryQualcomm Snapdragon 888 Octa-Core Processor1 Year Manufacturer Warranty for Device and 6 months Manufacturer Warranty for In-Box Accessories,4.3
53,"OnePlus 11R 5G (Galactic Silver, 256 GB)","₹35,779",16 GB RAM | 256 GB ROM17.02 cm (6.7 inch) Display50MP Rear Camera | 16MP Front Camera5000 mAh BatteryDomestic warranty of 12 months on phone & 6 months on accessories,4.5
54,"OnePlus 12R (Iron Grey, 256 GB)","₹42,783",16 GB RAM | 256 GB ROM17.22 cm (6.78 inch) Display50MP Rear Camera5500 mAh Battery1 Year Brand Warranty,4.5
55,"OnePlus 12R (Iron Gray, 256 GB)","₹42,070","8 GB RAM | 256 GB ROM17.22 cm (6.78 inch) Display50MP Rear Camera5500 mAh Battery1 Year Warranty
1 year manufacturer warranty for device and 1 year manufacturer warranty for in-box accessories including batteries from the date of purchase",4.5
56,"Nothing Phone (2) (Dark Grey, 256 GB)","₹40,999",12 GB RAM | 256 GB ROM17.02 cm (6.7 inch) Full HD+ Display50 MP(OIS) +50MP | 32MP Front Camera4700 mAh Lithium ion BatteryQualcomm Snapdragon 8+ Gen 1 ProcessorLTPO AMOLED (1 Hz - 120 Hz)1 Year Manufacturing Warranty,4.4
57,"Nothing Phone (2) (White, 256 GB)","₹40,999",12 GB RAM | 256 GB ROM17.02 cm (6.7 inch) Full HD+ Display50 MP(OIS) +50MP | 32MP Front Camera4700 mAh Lithium ion BatteryQualcomm Snapdragon 8+ Gen 1 ProcessorLTPO AMOLED (1 Hz - 120 Hz)1 Year Manufacturing Warranty,4.4
58,"SAMSUNG Galaxy S23 FE (Purple, 256 GB)","₹44,999",8 GB RAM | 256 GB ROM16.26 cm (6.4 inch) Full HD+ Display50MP + 12MP | 10MP Front Camera4500 mAh BatterySamsung Exynos 2200 Processor1 Year Manufacturer Warranty for Device and 6 Months for In-Box Accessories,4.2
59,"SAMSUNG Galaxy S23 FE (Mint, 256 GB)","₹44,999",8 GB RAM | 256 GB ROM16.26 cm (6.4 inch) Full HD+ Display50MP + 12MP | 10MP Front Camera4500 mAh BatterySamsung Exynos 2200 Processor1 Year Manufacturer Warranty for Device and 6 Months for In-Box Accessories,4.2
60,"SAMSUNG Galaxy Z Flip3 5G (Phantom Black, 128 GB)","₹44,999",8 GB RAM | 128 GB ROM17.02 cm (6.7 inch) Full HD+ Display12MP + 12MP | 10MP Front Camera3300 mAh Lithium-ion BatteryQualcomm Snapdragon 888 Octa-Core Processor1 Year Manufacturer Warranty for Device and 6 months Manufacturer Warranty for In-Box Accessories,4.3
61,"OPPO Reno10 Pro 5G (Silvery Grey, 256 GB)","₹37,999",12 GB RAM | 256 GB ROM17.02 cm (6.7 inch) Full HD+ Display50MP + 32MP + 8MP | 32MP Front Camera4600 mAh BatterySnapdragon 778G 5G Processor1 Year Manufacturer Warranty for Phone and 6 Months Warranty for In the Box Accessories,4.3
62,"vivo V30 Pro 5G (Classic Black, 256 GB)","₹41,999",8 GB RAM | 256 GB ROM17.22 cm (6.78 inch) Full HD+ Display50MP + 50MP + 50MP | 50MP Front Camera5000 mAh BatteryDimensity 8200 5G Processor1 Year Manufacturer Warranty for Device and 6 Months Manufacturer Warranty for Inbox Accessories,4.5
63,"vivo V30 Pro 5G (Andaman Blue, 256 GB)","₹41,999",8 GB RAM | 256 GB ROM17.22 cm (6.78 inch) Full HD+ Display50MP + 50MP + 50MP | 50MP Front Camera5000 mAh BatteryDimensity 8200 5G Processor1 Year Manufacturer Warranty for Device and 6 Months Manufacturer Warranty for Inbox Accessories,4.5
64,"OPPO Reno11 Pro 5G (Pearl White, 256 GB)","₹37,999",12 GB RAM | 256 GB ROM17.02 cm (6.7 inch) Full HD+ Display50MP + 8MP + 32MP | 32MP Front Camera4600 mAh BatteryMediatek Dimensity 8200 Processor1 Year Manufacturer Warranty for Device and 6 Months Manufacturer Warranty for Inbox Accessories,4.3
65,"Apple iPhone 12 (Blue, 128 GB)","₹44,999","128 GB ROM15.49 cm (6.1 inch) Super Retina XDR Display12MP + 12MP | 12MP Front CameraA14 Bionic Chip with Next Generation Neural Engine ProcessorCeramic ShieldIndustry-leading IP68 Water ResistanceAll Screen OLED Display12MP TrueDepth Front Camera with Night Mode, 4K Dolby Vision HDR RecordingBrand Warranty for 1 Year",4.6
66,"OPPO Reno11 Pro 5G (Rock Grey, 256 GB)","₹37,999",12 GB RAM | 256 GB ROM17.02 cm (6.7 inch) Full HD+ Display50MP + 8MP + 32MP | 32MP Front Camera4600 mAh BatteryMediatek Dimensity 8200 Processor1 Year Manufacturer Warranty for Device and 6 Months Manufacturer Warranty for Inbox Accessories,4.3
67,"IQOO Neo9 Pro (Fiery Red, 256 GB)","₹36,990",8 GB RAM | 256 GB ROM17.22 cm (6.78 inch) Display50MP Rear Camera5160 mAh Battery1 Year,4.5
68,"IQOO NEO9 PRO (Fiery Red, 256 GB)","₹39,800",12 GB RAM | 256 GB ROM17.22 cm (6.78 inch) Display50MP Rear Camera5160 mAh Battery1 Year,4.6
69,"OnePlus 12R (Cool Blue, 256 GB)","₹41,179","8 GB RAM | 256 GB ROM17.22 cm (6.78 inch) Display50MP Rear Camera5500 mAh Battery1 Year Warranty
1 year manufacturer warranty for device and 1 year manufacturer warranty for in-box accessories including batteries from the date of purchase",4.5
70,"SAMSUNG Galaxy A73 5G (Awesome Mint, 256 GB)","₹44,999",8 GB RAM | 256 GB ROM | Expandable Upto 1 TB17.02 cm (6.7 inch) Full HD+ Display108MP + 12MP + 5MP + 5MP | 32MP Front Camera5000 mAh Li-ion BatteryQualcomm Snapdragon 778G Processor1 Year Manufacturer Warranty for Device and 6 Months Manufacturer Warranty for In-Box,4.2
71,"Apple iPhone 11 (Red, 64 GB)","₹43,900",64 GB ROM15.49 cm (6.1 inch) Liquid Retina HD Display12MP + 12MP | 12MP Front CameraA13 Bionic Chip ProcessorBrand Warranty of 1 Year,4.6
72,"Apple iPhone 11 (Purple, 64 GB)","₹43,900",64 GB ROM15.49 cm (6.1 inch) Liquid Retina HD Display12MP + 12MP | 12MP Front CameraA13 Bionic Chip ProcessorBrand Warranty of 1 Year,4.6
73,"OnePlus 10 Pro 5G (Emerald Forest, 128 GB)","₹40,999",8 GB RAM | 128 GB ROM17.02 cm (6.7 inch) Display48MP Rear Camera5000 mAh Battery1 year manufacturer warranty for device and 6 months manufacturer warranty for in-box accessories including batteries from the date of purchase,4.2
74,"Mi 10T (Lunar Silver, 128 GB)","₹23,999",8 GB RAM | 128 GB ROM16.94 cm (6.67 inch) Full HD+ Display64MP + 13MP + 5MP | 20MP Front Camera5000 mAh Li-ion Polymer BatteryQualcomm Snapdragon 865 Processor144Hz Intelligent AdaptiveSync Display33W Dual Split Flash Charge1 Year Manufacturer Warranty for Device and 6 Months Manufacturer Warranty for In-box Accessories,4.1
75,"OnePlus 10 Pro 5G (Volcanic Black, 128 GB)","₹43,699",8 GB RAM | 128 GB ROM17.02 cm (6.7 inch) Display48MP Rear Camera5000 mAh Battery1 Year Manufacturer Warranty for Handset and 6 Months Warranty for In the Box Accessories,4.2
76,"SAMSUNG Galaxy A73 5G (Awesome Gray, 128 GB)","₹41,999",8 GB RAM | 128 GB ROM | Expandable Upto 1 TB17.02 cm (6.7 inch) Full HD+ Display108MP + 12MP + 5MP + 5MP | 32MP Front Camera5000 mAh Li-ion BatteryQualcomm Snapdragon 778G Processor1 Year Manufacturer Warranty for Device and 6 Months Manufacturer Warranty for In-Box,4.2
77,"OPPO Reno10 Pro+ 5G (Glossy Purple, 256 GB)","₹54,999",12 GB RAM | 256 GB ROM17.12 cm (6.74 inch) Full HD+ Display50MP + 64MP + 8MP | 32MP Front Camera4700 mAh BatterySnapdragon 8+ Gen 1 Processor1 Year Manufacturer Warranty for Phone and 6 Months Warranty for In the Box Accessories,4.5
78,"Apple iPhone 11 (White, 64 GB)","₹43,900",64 GB ROM15.49 cm (6.1 inch) Liquid Retina HD Display12MP + 12MP | 12MP Front CameraA13 Bionic Chip ProcessorBrand Warranty of 1 Year,4.6
79,"vivo V29 Pro 5G (Black, 256 GB)","₹42,999",12 GB RAM | 256 GB ROM17.22 cm (6.78 inch) Full HD+ AMOLED Display50MP + 12MP + 8MP | 50MP Front Camera4600 mAh BatteryDimensity 8200 Processor1 Year Manufacturer Warranty for Phone and 6 Months Warranty for In the Box Accessories,4.5
80,"Apple iPhone 11 (Green, 64 GB)","₹43,900",64 GB ROM15.49 cm (6.1 inch) Liquid Retina HD Display12MP + 12MP | 12MP Front CameraA13 Bionic Chip ProcessorBrand Warranty of 1 Year,4.6
81,"Apple iPhone 11 (Black, 64 GB)","₹43,900",64 GB ROM15.49 cm (6.1 inch) Liquid Retina HD Display12MP + 12MP | 12MP Front CameraA13 Bionic Chip ProcessorBrand Warranty of 1 Year,4.6
82,"Tecno Phantom X2 Pro (Mars Orange, 256 GB)","₹44,998",12 GB RAM | 256 GB ROM17.27 cm (6.8 inch) Full HD+ Display50MP + 50MP + 13MP | 32MP Front Camera5160 mAh BatteryMediaTek Dimensity 9000 MT6983 ProcessorDomestic Warranty of 12 Months on Phone & 6 Months on Accessories,4.1
83,"MOTOROLA Razar 40 (Sage Green, 256 GB)","₹44,999",8 GB RAM | 256 GB ROM17.53 cm (6.9 inch) Display64MP Rear Camera4200 mAh Battery1 Year Manufacturing Warranty,4.9
84,"Tecno Phantom X2 Pro (Stardust Grey, 256 GB)","₹44,999",12 GB RAM | 256 GB ROM17.27 cm (6.8 inch) Full HD+ Display50MP + 50MP + 13MP | 32MP Front Camera5160 mAh BatteryMediaTek Dimensity 9000 MT6983 ProcessorDomestic Warranty of 12 Months on Phone & 6 Months on Accessories,4.1
85,"IQOO Neo 9 Pro (Fiery Red, 256 GB)","₹40,000",8 GB RAM | 256 GB ROM17.22 cm (6.78 inch) Display50MP Rear Camera5160 mAh Battery1 Year on Handset and 6 Months on Accessories,4.3
86,"IQOO Neo 9 Pro (Conqueror Black, 256 GB)","₹40,000",8 GB RAM | 256 GB ROM17.22 cm (6.78 inch) Display50MP Rear Camera5160 mAh Battery1 Year on Handset and 6 Months on Accessories,4.3
87,"OnePlus 10T 5G (Moonstone Black, 256 GB)","₹43,299",16 GB RAM | 256 GB ROM17.02 cm (6.7 inch) Display50MP Rear Camera4800 mAh Battery12 Months,4
88,"vivo V29 Pro 5G (Blue, 256 GB)","₹42,956",12 GB RAM | 256 GB ROM17.22 cm (6.78 inch) Full HD+ AMOLED Display50MP + 12MP + 8MP | 50MP Front Camera4600 mAh BatteryDimensity 8200 Processor1 Year Manufacturer Warranty for Phone and 6 Months Warranty for In the Box Accessories,4.5
89,"OPPO Reno8 Pro 5G (Glazed Black, 256 GB)","₹52,999",12 GB RAM | 256 GB ROM17.02 cm (6.7 inch) Full HD+ AMOLED Display50MP + 8MP + 2MP | 32MP Front Camera4500 mAh Lithium-ion Polymer BatteryMediatek Dimensity 8100 Max Processor1 Year Warranty for Phone and 6 Months Warranty for In-Box Accessories,4.4
90,"realme X50 Pro (Rust Red, 128 GB)","₹41,999",8 GB RAM | 128 GB ROM16.36 cm (6.44 inch) Full HD+ Display64MP + 12MP + 8MP + 2MP | 32MP + 8MP Dual Front Camera4200 mAh Battery5G PhoneQualcomm Snapdragon 865 Processor65W Superdart ChargeBrand Warranty of 1 Year Available for Mobile and 6 Months for Accessories,4.4
91,"Motorola Edge 30 Fusion (Cosmic grey, 128 GB)","₹42,999",8 GB RAM | 128 GB ROM16.64 cm (6.55 inch) Full HD+ Display50MP + 13MP + 2MP | 32MP Front Camera4400 mAh Lithium BatteryQualcomm Snapdragon 888 + Processor1 Year on Handset and 6 Months on Accessories,4.3
92,"Motorola Edge 30 Fusion (Solar Gold, 128 GB)","₹42,999",8 GB RAM | 128 GB ROM16.64 cm (6.55 inch) Full HD+ Display50MP + 13MP + 2MP | 32MP Front Camera4400 mAh Lithium BatteryQualcomm Snapdragon 888 + Processor1 Year on Handset and 6 Months on Accessories,4.3
93,"realme X50 Pro (Moss Green, 128 GB)","₹41,999",8 GB RAM | 128 GB ROM16.36 cm (6.44 inch) Full HD+ Display64MP + 12MP + 8MP + 2MP | 32MP + 8MP Dual Front Camera4200 mAh Battery5G PhoneQualcomm Snapdragon 865 Processor65W Superdart ChargeBrand Warranty of 1 Year Available for Mobile and 6 Months for Accessories,4.4
94,"OnePlus 9 Pro 5G (Stellar Black, 128 GB)","₹41,990",8 GB RAM | 128 GB ROM17.02 cm (6.7 inch) Display48MP Rear Camera4500 mAh Battery1 Year Manufacturer Warranty for Handset and 6 Months Warranty for In the Box Accessories,4.1
95,"MOTOROLA razr 40 (Summer Lilac, 256 GB)","₹44,990",8 GB RAM | 256 GB ROM17.53 cm (6.9 inch) Display64MP Rear Camera4200 mAh BatteryBrand Warranty of 1 Year Available for Mobile and 6 Months for Accessories,4.3
96,"vivo V23 Pro 5G (Stardust Black, 128 GB)","₹38,990",8 GB RAM | 128 GB ROM | Expandable Upto 12 GB16.66 cm (6.56 inch) Full HD+ Display108MP + 8MP + 2MP | 50MP + 8MP Dual Front Camera4300 mAh Lithium BatteryMediatek Dimensity 1200 Processor1 Year Manufacturer Warranty for Phone and 6 Months Warranty for In the Box Accessories,4.3
97,"vivo V23 Pro 5G (Stardust Black, 256 GB)","₹43,990",12 GB RAM | 256 GB ROM16.66 cm (6.56 inch) Full HD+ Display108MP + 8MP + 2MP | 50MP + 8MP Dual Front Camera4300 mAh Lithium BatteryMediatek Dimensity 1200 Processor1 Year Manufacturer Warranty for Phone and 6 Months Warranty for In the Box Accessories,4.2
98,"Google Pixel 6a (Charcoal, 128 GB)","₹43,999",6 GB RAM | 128 GB ROM15.6 cm (6.14 inch) Full HD+ Display12.2MP + 12MP | 8MP Front Camera4410 mAh BatteryGoogle Tensor Processor1 Year Brand Warranty,4.3
99,"Google Pixel 6a (Chalk, 128 GB)","₹43,999",6 GB RAM | 128 GB ROM15.6 cm (6.14 inch) Full HD+ Display12.2MP + 12MP | 8MP Front Camera4410 mAh BatteryGoogle Tensor Processor1 Year Brand Warranty,4.3
100,"Apple iPhone 7 Plus (Gold, 128 GB)","₹42,900",128 GB ROM13.94 cm (5.488 inch) Retina HD Display12MP + 12MP | 7MP Front CameraApple A10 Fusion 64-bit processor and Embedded M10 Motion Co-processorBrand Warranty of 1 Year,4.5
101,"Motorola Edge 50 Pro 5G with 125W Charger (Luxe Lavender, 256 GB)","₹35,999",12 GB RAM | 256 GB ROM17.02 cm (6.7 inch) Display50MP + 13MP + 10MP | 50MP Front Camera4500 mAh Battery7 Gen 3 Mobile Platform Processor1 Year on Handset and 6 Months on Accessories,4.3
102,"Motorola Edge 50 Pro 5G with 125W Charger (Black Beauty, 256 GB)","₹35,999",12 GB RAM | 256 GB ROM17.02 cm (6.7 inch) Display50MP + 13MP + 10MP | 50MP Front Camera4500 mAh Battery7 Gen 3 Mobile Platform Processor1 Year on Handset and 6 Months on Accessories,4.3
103,"OnePlus 11R 5G (Galactic Silver, 128 GB)","₹30,968",8 GB RAM | 128 GB ROM17.02 cm (6.7 inch) Display50MP Rear Camera5000 mAh BatteryDomestic warranty of 12 months on phone & 6 months on accessories,4.5
104,"OnePlus 11R 5G (Sonic Black, 128 GB)","₹31,809",8 GB RAM | 128 GB ROM17.02 cm (6.7 inch) Display50MP Rear Camera5000 mAh BatteryDomestic warranty of 12 months on phone & 6 months on accessories,4.5
105,"OnePlus 12R (Cool Blue, 128 GB)","₹36,080",8 GB RAM | 128 GB ROM17.22 cm (6.78 inch) Display50MP Rear Camera5500 mAh Battery1 Year Brand Warranty,4.5
106,"OnePlus 12R (Iron Gray, 128 GB)","₹37,177",8 GB RAM | 128 GB ROM17.22 cm (6.78 inch) Display50MP Rear Camera5500 mAh Battery1 Year Brand Warranty,4.5
107,"Nothing Phone (2) (White, 128 GB)","₹37,999",8 GB RAM | 128 GB ROM17.02 cm (6.7 inch) Full HD+ Display50 MP(OIS) +50MP | 32MP Front Camera4700 mAh Lithium ion BatteryQualcomm Snapdragon 8+ Gen 1 ProcessorLTPO AMOLED (1 Hz - 120 Hz)1 Year Manufacturing Warranty,4.4
108,"OnePlus Nord 3 5G (Tempest Gray, 256 GB)","₹37,880",16 GB RAM | 256 GB ROM17.12 cm (6.74 inch) Display50MP Rear Camera5000 mAh BatteryDomestic 1 Year of Device & 6 Months for In-Box Accessories,4.4
109,"Apple iPhone 12 (White, 64 GB)","₹39,999","64 GB ROM15.49 cm (6.1 inch) Super Retina XDR Display12MP + 12MP | 12MP Front CameraA14 Bionic Chip with Next Generation Neural Engine ProcessorCeramic ShieldIndustry-leading IP68 Water ResistanceAll Screen OLED Display12MP TrueDepth Front Camera with Night Mode, 4K Dolby Vision HDR RecordingBrand Warranty for 1 Year",4.6
110,"REDMI Note 13 Pro+ 5G (Fusion Black, 512 GB)","₹34,999",12 GB RAM | 512 GB ROM16.94 cm (6.67 inch) Display200MP (OIS) + 8MP + 2MP | 16MP Front Camera5000 mAh BatteryDimensity 7200 Ultra 5G Processor1 Year Manufacturer Warranty for Phone and 6 Months Warranty for In the Box Accessories,4.2
111,"vivo V30 5G (Peacock Green, 256 GB)","₹37,999",12 GB RAM | 256 GB ROM17.22 cm (6.78 inch) Full HD+ Display50MP + 50MP | 50MP Front Camera5000 mAh Battery7 Gen 3 Processor1 Year Manufacturer Warranty for Device and 6 Months Manufacturer Warranty for Inbox Accessories,4.5
112,"vivo V30 5G (Classic Black, 256 GB)","₹37,999",12 GB RAM | 256 GB ROM17.22 cm (6.78 inch) Full HD+ Display50MP + 50MP | 50MP Front Camera5000 mAh Battery7 Gen 3 Processor1 Year Manufacturer Warranty for Device and 6 Months Manufacturer Warranty for Inbox Accessories,4.5
113,"vivo V30 5G (Classic Black, 256 GB)","₹35,999",8 GB RAM | 256 GB ROM17.22 cm (6.78 inch) Full HD+ Display50MP + 50MP | 50MP Front Camera5000 mAh Battery7 Gen 3 Processor1 Year Manufacturer Warranty for Device and 6 Months Manufacturer Warranty for Inbox Accessories,4.5
114,"vivo V30 5G (Peacock Green, 256 GB)","₹35,999",8 GB RAM | 256 GB ROM17.22 cm (6.78 inch) Full HD+ Display50MP + 50MP | 50MP Front Camera5000 mAh Battery7 Gen 3 Processor1 Year Manufacturer Warranty for Device and 6 Months Manufacturer Warranty for Inbox Accessories,4.5
115,"Apple iPhone 12 (Black, 64 GB)","₹39,999","64 GB ROM15.49 cm (6.1 inch) Super Retina XDR Display12MP + 12MP | 12MP Front CameraA14 Bionic Chip with Next Generation Neural Engine ProcessorCeramic ShieldIndustry-leading IP68 Water ResistanceAll Screen OLED Display12MP TrueDepth Front Camera with Night Mode, 4K Dolby Vision HDR RecordingBrand Warranty for 1 Year",4.6
116,"Google Pixel 7a (Sea, 128 GB)","₹39,999",8 GB RAM | 128 GB ROM15.49 cm (6.1 inch) Full HD+ Display64MP (OIS) + 13MP | 13MP Front Camera4300 mAh BatteryTensor G2 Processor1 Year Domestic Warranty,4.1
117,"vivo V30 5G (Andaman Blue, 256 GB)","₹35,999",8 GB RAM | 256 GB ROM17.22 cm (6.78 inch) Full HD+ Display50MP + 50MP | 50MP Front Camera5000 mAh Battery7 Gen 3 Processor1 Year Manufacturer Warranty for Device and 6 Months Manufacturer Warranty for Inbox Accessories,4.5
118,"REDMI Note 13 Pro+ 5G (Fusion Purple, 512 GB)","₹32,999",12 GB RAM | 512 GB ROM16.94 cm (6.67 inch) Display200MP (OIS) + 8MP + 2MP | 16MP Front Camera5000 mAh BatteryDimensity 7200 Ultra 5G Processor1 Year Manufacturer Warranty for Phone and 6 Months Warranty for In the Box Accessories,4.2
119,"IQOO 9T 5G (ALPHA, 128 GB)","₹45,799",8 GB RAM | 128 GB ROM17.22 cm (6.78 inch) Display50MP Rear Camera4700 mAh Battery1 Year,4.1
